claim_id	claim_text	claim_type	status	scope	manuscript_location	evidence_ids	evidence_location	provenance_note	falsification_path
C-DOC-001	Revision_01 presents a bounded formal account of path-dependent block interventions.	document_fact	verified	What the active revision says	manuscript/paper.tex: abstract; theory	PUB-TEX-001; REV01-TEX	baseline/paper.tex; manuscript/paper.tex	Verified document content, not scientific validation.	Not applicable to document fact.
C-THEORY-001	Equal cumulative learning-rate exposure gives a first-order fixed-quadratic contraction relation with squared-step remainder.	theory	active_proof_pending_independent_audit	Fixed quadratic and stated stability conditions only	manuscript/paper.tex: T1	REV01-TEX; M-BASE-T1	manuscript/paper.tex	An active proof is co-located; no extension to arbitrary strongly convex/nonlinear training is licensed.	Independent proof audit; check assumptions and finite-step bound.
C-THEORY-002	After a block is dropped, a strongly-convex clean objective returns in full norm when sufficient clean-tail exposure remains.	theory	active_proof_pending_independent_audit	Twice differentiable, strong-convex, smooth clean objective and stated step-size/radius conditions	manuscript/paper.tex: T2	REV01-TEX; M-BASE-T2	manuscript/paper.tex	The active proof distinguishes the directional rate, which needs an invariant-subspace premise.	Proof audit; counterexample outside strong convexity or without tail budget.
C-THEORY-003	An affine scalar conditional-mean recursion has an exact product law; exponential behavior is an upper bound/small-step approximation.	theory	active_proof_pending_independent_audit	Only the stated affine conditional-zero-mean recursion	manuscript/paper.tex: T3	REV01-TEX; M-BASE-T3	manuscript/paper.tex	No claim says that nonlinear shuffled SGD obeys this recursion.	Check conditional-mean premise; test deviations in nonlinear/shuffled SGD.
C-EMP-001	Controlled logistic experiments verify the three formal laws in their controlled domains.	empirical	withdrawn_from_revision	No active revision claim	Frozen baseline only	PUB-TEX-001	baseline/paper.tex	No scripts, outputs, seed records, or preregistration are co-located; text is excluded from revision_01.	Recover exact public-code version, config, output, seeds, and pre-registration; rerun or verify.
C-EMP-002	Real-image arms establish a reversibility boundary and an EQRA positive endpoint.	empirical	withdrawn_from_revision	No active revision claim	Frozen baseline only	PUB-TEX-001	baseline/paper.tex	Remote candidate has similarly named outputs but a different source SHA; text is excluded from revision_01.	Reconcile versioned code/results to public baseline or execute preregistered matched-path protocol.
C-DEPLOY-001	A deployment can safely enable early quarantine based on an observable signal that separates natural harmful/noisy examples from benign-hard/valueful examples.	method	planned	Two real scenarios, signal sees training-side observables only	No validated public-baseline location	PLAN-ENABLE-001	experiments/decisive_experiment_protocol.md	This is the central missing claim; no positive wording is currently licensed.	Protocol primary success/failure criteria, including false-positive harm on benign-hard data.
C-REMOTE-001	The remote snapshot contains an internally manifest-consistent candidate evidence package.	artifact_fact	verified	Remote copied snapshot only	remote_snapshot/MANIFEST_sha256.txt	REM-MAN-001	remote_snapshot/MANIFEST_sha256.txt	76/76 current SHA-256 lines verify. This says nothing about whether remote results support public claims.	Change any listed byte or find a failed current manifest check.
C-REMOTE-002	Remote CIFAR-10N/EQRA result files supply evidence for the public baseline.	provenance	disproved_for_current_revision	Public baseline	Not a valid public manuscript location	REM-TEX-001; REM-CODE-001; REC-001	remote_snapshot/; evidence/version_reconciliation.md	Claim-level reconciliation rejects each numerical transfer absent source/code/output linkage.	Show cryptographic source/version linkage plus claim-level audit and deliberate baseline update.
