method_id	method_or_component	implementation_or_source	provenance_status	inputs_and_isolation	boundary
M01	Linear CP bands and P2 absolute gate	remote_snapshot/paper/paper.tex; remote_snapshot/code/subgmmix_m2_gate_r1884.py	implemented_snapshot; not replayed	FIT/CAL/OUTER described in manuscript	Proof and run provenance not independently checked.
M02	Paired regret UCB (P3/Thm. 1)	remote_snapshot/paper/paper.tex; remote_snapshot/code/subgmmix_m25_paired_5seed_r1903.py	implemented_snapshot; not replayed	Same-point CAL paired errors; stated Bonferroni over pairs/groups	Conditional on within-group invariance.
M03	Exact MPB/Hoeffding versus normal frontier	remote_snapshot/results/SUBGMIX_M25_PAIRED_R1885_5SEED.json	result_artifact_snapshot	matched seeds 0..4 per documentation	Normal provenance is asymptotic; raw rerun not performed.
M04	Static label-budget allocations	remote_snapshot/code/subgmmix_m3_budget_r1886.py; results/SUBGMIX_M3_BUDGET_R1886.json	implemented_snapshot; not replayed	FIT-visible allocation, documented 3-seed comparison	Constructed mixture grid; no natural time/region shift.
M05	Certificate-width surrogate allocation diagnostic	remote_snapshot/code/minimax_core_r1897.py; THEORY_MINIMAX_R1895.md	implemented_snapshot; scope_repaired_revision_01_2	One-mixture W={w} beta/sqrt(n) closed form; multi-mixture W uses the separate dual; zero coefficients use a continuous boundary allocation	Not an actual candidate/mix regret-UCB objective; one-mixture water-filling cannot be substituted for the general multi-mixture optimum or inherit a certificate, safe-allocation, or policy claim. Integer code may impose positive per-group floors, as in the counterexample.
M06	Conditional allocation gate	remote_snapshot/code/subgmmix_condgate_r1896.py; subgmmix_gate_oc_r1899.py	implemented_snapshot; not replayed	FIT-visible diagnostic and spanning predicate	Synthetic OC and narrow real probes do not prove real deployment invariance.
M07	Exact-relative gate emptiness audit	remote_snapshot/code/subgmmix_m10_exactband_budget_r1911.py; results/SUBGMIX_M10_EXACTBAND_BUDGET_R1911.json	implemented_snapshot; not replayed	fresh seeds 10..14; documented OUTER exclusion	Data-specific required-budget result.
M08	Fresh M12 allocation audit	remote_snapshot/code/subgmmix_m12_fresh5_budget_r1915.py; results/SUBGMIX_M12_FRESH5_BUDGET_R1915.json	implemented_snapshot; not replayed	fresh seeds 10..14; documented FIT/CAL/OUTER	No time/geography provenance found.
M09	Operational abstention/fallback policy	manuscript appendix Defer costs; experiments/decisive_experiment_protocol.md	missing_explicitly	Fallback alternatives described, no fixed utility/cost contract	Operator cost, latency, and real-deployment frequency are missing; planned protocol must report missing fields and penalty sensitivity rather than impute utility.
